metric,value,ci_low,ci_high
AUC-ROC,0.6857202680067002,0.632405046374654,0.7425242866040671
Accuracy,0.662125340599455,0.6185286103542235,0.7111716621253406
F1-Score,0.6149068322981367,0.5544494810926877,0.6802416695591809
EER,0.37185929648241206,0.30302666083916086,0.4055651815181518
