{
  "train_loss": [
    0.121673384172006,
    0.09789093395407496,
    0.0977017173884923,
    0.09344091785945331,
    0.0913723177218764,
    0.08954406035647419,
    0.08667267860057207,
    0.08552078774782142,
    0.08237658780804616,
    0.08213030981655202,
    0.08192537978968838,
    0.08052021002431882,
    0.07783727175966013,
    0.07651863109137631,
    0.07496942555892025,
    0.07361480225587175,
    0.07202670713658156,
    0.07191508389407336,
    0.07174591965433129,
    0.07061112423334674,
    0.06787605849155165,
    0.06708148127276596,
    0.06531984819849203,
    0.06631423305642145,
    0.06647034089247633,
    0.0636948791613418,
    0.0639658455967414,
    0.06024506487742518,
    0.06083268729461193,
    0.05401636413854586,
    0.05357578670230397,
    0.05238661694886871,
    0.05157214971229419,
    0.050443731186790346,
    0.05020674347829962,
    0.04907809149641977,
    0.041261524691448746,
    0.04828549207074462,
    0.0432355294482133,
    0.04163355613897468
  ],
  "train_acc": [
    0.5173160173160173,
    0.5505050505050505,
    0.5064935064935064,
    0.5021645021645021,
    0.5014430014430015,
    0.525974025974026,
    0.5584415584415584,
    0.5865800865800865,
    0.6053391053391053,
    0.6212121212121212,
    0.6075036075036075,
    0.6168831168831169,
    0.6414141414141414,
    0.6414141414141414,
    0.6673881673881674,
    0.6861471861471862,
    0.7034632034632035,
    0.7005772005772006,
    0.6984126984126984,
    0.702020202020202,
    0.7251082251082251,
    0.7402597402597403,
    0.7388167388167388,
    0.7388167388167388,
    0.7417027417027418,
    0.753968253968254,
    0.7424242424242424,
    0.7763347763347763,
    0.7604617604617605,
    0.7922077922077922,
    0.803030303030303,
    0.8023088023088023,
    0.8051948051948052,
    0.8124098124098124,
    0.8232323232323232,
    0.8326118326118326,
    0.8694083694083694,
    0.8225108225108225,
    0.8520923520923521,
    0.8347763347763347
  ],
  "train_auc": [
    0.5153366819932791,
    0.559714412501849,
    0.5034198415393558,
    0.5198961234851343,
    0.4999822914084164,
    0.5417162333617365,
    0.5889085882502454,
    0.6142172906688222,
    0.6516699201863361,
    0.6628680001583357,
    0.6548157993970745,
    0.6750285941669983,
    0.7076332363180297,
    0.714743756679785,
    0.7460233795076178,
    0.7528547291314664,
    0.7750279691578836,
    0.7796947038810984,
    0.7771863339673702,
    0.7839718495894732,
    0.8058763356965623,
    0.8140347880073251,
    0.825939128278954,
    0.8191702795665772,
    0.8143077086540844,
    0.8439143904181936,
    0.8341350811366,
    0.8585771042494369,
    0.8574468794336583,
    0.8862202157114791,
    0.8941109557847718,
    0.895408891379666,
    0.9011902256907913,
    0.9031902548578834,
    0.9108757836051775,
    0.9151820964055726,
    0.9405074657338753,
    0.9156841870610615,
    0.9332177760925681,
    0.934688630875867
  ],
  "train_eer": [
    0.4844903988183161,
    0.4505169867060561,
    0.49039881831610044,
    0.4874446085672083,
    0.4977843426883309,
    0.4756277695716396,
    0.44165435745937964,
    0.4091580502215657,
    0.397341211225997,
    0.3825701624815362,
    0.39586410635155095,
    0.3825701624815362,
    0.35450516986706054,
    0.35745937961595275,
    0.3308714918759232,
    0.310192023633678,
    0.29394387001477107,
    0.29542097488921715,
    0.30576070901033975,
    0.2998522895125554,
    0.28064992614475626,
    0.26440177252584934,
    0.24963072378138848,
    0.2614475627769572,
    0.258493353028065,
    0.24519940915805022,
    0.25258493353028066,
    0.22895125553914328,
    0.2378138847858198,
    0.206794682422452,
    0.19793205317577547,
    0.19202363367799113,
    0.19202363367799113,
    0.1861152141802068,
    0.172821270310192,
    0.16838995568685378,
    0.1329394387001477,
    0.17429837518463812,
    0.15214180206794684,
    0.16395864106351551
  ],
  "val_loss": [
    0.09506782296567912,
    0.09503230591601507,
    0.08755602736320417,
    0.09021596950593047,
    0.0881085661354117,
    0.0988762465988258,
    0.08865850040186653,
    0.10180049330726956,
    0.09636231361601592,
    0.11212607446743292,
    0.12534360803044542,
    0.1363490059983229,
    0.10331768559022966,
    0.24799265950003133,
    0.17636745749433982,
    0.18422779808981818,
    0.1942285449733851,
    0.1339922079439221,
    0.18245636153320988,
    0.1812298716262926,
    0.1682538099195053,
    0.1681926869202027,
    0.24230432581636746,
    0.22307671391778994,
    0.19578388835845434,
    0.185549862084585,
    0.16533070540654998,
    0.23476974920971427,
    0.1485475124749631,
    0.25303832987407937,
    0.23362519923565733,
    0.23543211686296361,
    0.2282067628944956,
    0.3025654244684764,
    0.23107328696449764,
    0.2006890769231023,
    0.3173710356500929,
    0.20706628123948564,
    0.2389721153602751,
    0.3248840010942368
  ],
  "val_acc": [
    0.5422343324250681,
    0.4986376021798365,
    0.5258855585831063,
    0.4713896457765668,
    0.5122615803814714,
    0.46866485013623976,
    0.5613079019073569,
    0.5177111716621253,
    0.5367847411444142,
    0.5367847411444142,
    0.5449591280653951,
    0.547683923705722,
    0.5667574931880109,
    0.5395095367847411,
    0.55858310626703,
    0.5395095367847411,
    0.5258855585831063,
    0.5667574931880109,
    0.5422343324250681,
    0.5749318801089919,
    0.5640326975476839,
    0.5667574931880109,
    0.555858310626703,
    0.547683923705722,
    0.5694822888283378,
    0.5994550408719346,
    0.5912806539509536,
    0.5912806539509536,
    0.5803814713896458,
    0.5613079019073569,
    0.6103542234332425,
    0.6076294277929155,
    0.6348773841961853,
    0.6103542234332425,
    0.5967302452316077,
    0.6239782016348774,
    0.5885558583106267,
    0.662125340599455,
    0.6103542234332425,
    0.6348773841961853
  ],
  "val_auc": [
    0.5596733668341709,
    0.5984386216798276,
    0.5967934912658531,
    0.6151591289782244,
    0.5950287150035893,
    0.6135738214883943,
    0.6022074659009332,
    0.6164154103852596,
    0.5944903086862886,
    0.5646087580760948,
    0.6026561378320173,
    0.5853374012921752,
    0.6118987796123475,
    0.5965541995692749,
    0.611061258674324,
    0.5920375687963628,
    0.5940416367552046,
    0.6055874611150993,
    0.5863843024647045,
    0.6035833931562575,
    0.6147403685092128,
    0.6041217994735584,
    0.5946996889207945,
    0.5887473079684135,
    0.6236838956688202,
    0.6320591050490548,
    0.639148121560182,
    0.6279911462072267,
    0.6338238813113185,
    0.6441732471883226,
    0.6474036850921274,
    0.6409727207465901,
    0.6590691553003111,
    0.6477925340990668,
    0.6618509212730318,
    0.6774048815506102,
    0.6739052404881551,
    0.6857202680067002,
    0.6698671931083992,
    0.6796781526681023
  ],
  "val_eer": [
    0.457286432160804,
    0.40703517587939697,
    0.44221105527638194,
    0.39195979899497485,
    0.4221105527638191,
    0.4221105527638191,
    0.41708542713567837,
    0.40703517587939697,
    0.4623115577889447,
    0.4723618090452261,
    0.45226130653266333,
    0.46733668341708545,
    0.4271356783919598,
    0.45226130653266333,
    0.4221105527638191,
    0.4371859296482412,
    0.4321608040201005,
    0.4221105527638191,
    0.4271356783919598,
    0.4321608040201005,
    0.4120603015075377,
    0.41708542713567837,
    0.45226130653266333,
    0.4221105527638191,
    0.4321608040201005,
    0.4020100502512563,
    0.40703517587939697,
    0.39195979899497485,
    0.4271356783919598,
    0.3768844221105528,
    0.3768844221105528,
    0.39195979899497485,
    0.37185929648241206,
    0.39195979899497485,
    0.3969849246231156,
    0.37185929648241206,
    0.3869346733668342,
    0.37185929648241206,
    0.3869346733668342,
    0.36180904522613067
  ],